-- teeme andmebaasi ehk db
create database IKT25tar

--andmebaasi valimine
use IKT25tar

--andmebaasi kustutamine koodiga
drop database IKT25tar

--teeme uuesti andmebaasi IKT25tar
create database IKT25tar

--teeme tabeli
create table Gender
(
--Meil on muutuja Id,
--mis on t‰isarv andmet¸¸p,
--kui sisestad andmed,
--siis see veerg peab olema t‰idetud
--tegemist on primaarvıtmega
Id int not null primary key,
--veeru nimi on Gender,
--10 t‰hem‰rki on max pikkus,
--andmed peavad olema sisestatud ehk
--ei tohi olla t¸hi
Gender nvarchar(10) not null
)

--andmete sisestamine Gender tabelisse
--Id = 1, Gender = Male
--Id = 2, Gender = Female
insert into Gender (Id, Gender)
values (1, 'Male'),
(2, 'Female')

--vaatame tabeli sisu
-- * t‰hendab, et n‰ita kıike seal sees olevat infot
select * from Gender

--teeme tabeli nimega Person
--veeru nimed: Id int not null primary key,
--Name nvarchar (30)
--Email nvarchar (30)
--Genderid int

Create table Person
(
Id int not null primary key,
Name nvarchar(30),
Email nvarchar(30),
GenderId int
)

insert into Person (Id, Name, Email, GenderId)
values (1, 'Superman', 's@s.com', 2),
(2, 'Wonderwoman', 'w@w.com', 1),
(3, 'Batman', 'b@b.com', 2),
(4, 'Aquaman', 'a@a.com', 2),
(5, 'Catwoman', 'c@c.com', 1),
(6, 'Antman', 'ant"ant.com', 2),
(8, Null, NULL, 2)

--n‰en tabelis olevat infot
select * from Person

--vıırvıtme ¸henduse loomine kahe tabeli vahel
alter table Person add constraint tblPersons_GenderId_FK
foreign key (GenderId) references Gender(Id)

--kui sisestad uue rea andmeid ja ei ole sisestanud GenderId alla
--v‰‰rtust, siis automaatselt sisestab sellele reale v‰‰rtuse 3
--ehk unknown
alter table Person
add constraint DF_Persons_GenderId
default 3 for GenderId

insert into Gender (Id, Gender)
values (3, 'Unknown')

insert into Person (Id, Name, Email, GenderId)
values (7, 'Black Panther', 'b@b.com', NULL)

insert into Person (Id, Name, Email)
values (9, 'Spiderman', 'spider@man.com')

select * from Person

--Piirangu kustutamine
alter table Person
drop constraint DF_Persons_GenderId

--Kuidas lisada veergu tabelile Person
--Veeru nimi on Age nvarchar(10)
alter table Person
Add Age nvarchar(10)

alter table Person
add constraint CK_Person_Age check(Age > 0 and Age < 155)

--Kuidas uuendada andmeid
update Person
set Age = 159
where Id = 7

select * from Person

--Soovin kustutada ¸he rea
delete from Person Where Id = 8

--Lisame uue veeru City nvarchar(50)
alter table Person
add City nvarchar(50)

--kıik, kes elavad Gothami linnas
select * from Person Where City = 'Gotham City'
--Kıik, kes ei ela Gothamis
select * from Person where City != 'Gotham City'
--Variant nr 2. Kıik kes ei ela Gothamis
select * from Person where City <> 'Gotham City'

--N‰itab teatud vanusega inimesi
--valime 151, 35, 26
select * from Person where Age in (151, 35, 26)
select * from Person where Age = 151 or Age = 35 or Age = 26

--soovin n‰ha inimesi v‰hemikus 22 kuni 41
select * from Person where Age between 22 and 41

--Wildcard ehk n‰itab kıik g-t‰hega linnad
select * from Person where City like 'g%'
--Otsib emailid @-m‰rgiga
select * from Person where Email like '%@%'

--Tahan n‰ha, kellel emailis ees ja peale @-m‰rki  ¸ks t‰ht
select * from Person where Email like '_@_.com%'

--Kıik, kelle nimes ei ole esimene t‰ht W, A, S
select * from Person where Name like '[^WAS]%'

--Kıik, kes elavad Gothamis ja New Yorkis
select * from Person where City = 'New York' or City = 'Gotham City'

--Kıik, kes elavad Gothamis ja New Yorkis ning peavad olema
--vanemad, kui 29
Select * from Person where (City = 'New York' or City = 'Gotham City')
and Age > 29

--Kuvab t‰hestikulises j‰rjekorras inimesi ja vıtab aluseks
--Name veeru
select * from Person
Select * from Person order by Name

--Vıtab kolm esimest rida Person tabelist
Select top 3 * from Person


--kolm esimest, aga tabeli j‰rjestus on Age ja siis on name
Select top 3 Age, Name from Person


--n‰ita esimesed 50% tabelist
select top 50 percent * from Person
select * from Person

--j‰rjestab vanuse j‰rgi isikud
select * from Person order by Age desc

--muudab Age muutuja int-ks ja n‰itab vanuselises j‰rjestuses
-- cast abil saab andmet¸¸pi muuta
select * from Person order by cast(Age as int) desc

-- kıikide isikute koondvanus e liidab kıik kokku
select sum(cast(Age as int)) from Person

--kıige noorem isik tuleb ¸les leida
select min(cast(Age as int)) from Person

--kıige vanem isik
select max(cast(Age as int)) from Person

--muudame Age muutuja int peale
-- n‰eme konkreetsetes linnades olevate isikute koondvanust
select City, sum(Age) as TotalAge from Person group by City

--kuidas saab koodiga muuta andmet¸¸pi ja selle pikkust
alter table Person 
alter column Name nvarchar(25)

-- kuvab esimeses reas v‰lja toodud j‰rjestuses ja kuvab Age-i 
-- TotalAge-ks
--j‰rjestab City-s olevate nimede j‰rgi ja siis Genderid j‰rgi
--kasutada group by-d ja order by-d
select City, GenderId, sum(Age) as TotalAge from Person
group by City, GenderId
order by City

--n‰itab, et mitu rida andmeid on selles tabelis
select count(*) from Person

--n‰itab tulemust, et mitu inimest on Genderid v‰‰rtusega 2
--konkreetses linnas
--arvutab vanuse kokku selles linnas
select GenderId, City, sum(Age) as TotalAge, count(Id) as 
[Total Person(s)] from Person
where GenderId = '1'
group by GenderId, City

--n‰itab ‰ra inimeste koondvanuse, mis on ¸le 41 a ja
--kui palju neid igas linnas elab
--eristab inimese soo ‰ra
select GenderId, City, sum(Age) as TotalAge, count(Id) as 
[Total Person(s)] from Person
where GenderId = '2'
group by GenderId, City having sum(Age) > 41

--loome tabelid Employees ja Department
create table Department
(
Id int primary key,
DepartmentName nvarchar(50),
Location nvarchar(50),
DepartmentHead nvarchar(50)
)

create table Employees
(
Id int primary key,
Name nvarchar(50),
Gender nvarchar(50),
Salary nvarchar(50),
DepartmentId int
)

insert into Employees (Id, Name, Gender, Salary, DepartmentId)
values (1, 'Tom', 'Male', 4000, 1),
(2, 'Pam', 'Female', 3000, 3),
(3, 'John', 'Male', 3500, 1),
(4, 'Sam', 'Male', 4500, 2),
(5, 'Todd', 'Male', 2800, 2),
(6, 'Ben', 'Male', 7000, 1),
(7, 'Sara', 'Female', 4800, 3),
(8, 'Valarie', 'Female', 5500, 1),
(9, 'James', 'Male', 6500, NULL),
(10, 'Russell', 'Male', 8800, NULL)

insert into Department(Id, DepartmentName, Location, DepartmentHead)
values 
(1, 'IT', 'London', 'Rick'),
(2, 'Payroll', 'Delhi', 'Ron'),
(3, 'HR', 'New York', 'Christie'),
(4, 'Other Department', 'Sydney', 'Cindrella')

select * from Department
select * from Employees

---
select Name, Gender, Salary, DepartmentName
from Employees
left join Department
on Employees.DepartmentId = Department.Id
---

--arvutab k]ikide palgad kokku Employees tabelist
select sum(cast(Salary as int)) from Employees --arvutab kıikide palgad kokku
-- kıige v‰iksema palga saaja
select min(cast(Salary as int)) from Employees

--n‰itab veerge Location ja Palka. Palga veerg kuvatakse TotalSalary-ks
--teha left join Department tabeliga
--grupitab Locationiga
select Location, sum(cast(Salary as int)) as TotalSalary
from Employees
left join Department
on Employees.DepartmentId = Department.Id
group by Location

select * from Employees
select sum(cast(Salary as int)) from Employees --Arvutab kıikide palgad kokku

--lisame veeru City ja pikkus on 30
-- Employees tabelisse lisada
alter table Employees
add City nvarchar(30)

select City, Gender, sum(cast(Salary as Int)) as TotalSalary
from Employees
group by City, Gender

--Peaaegu sama p‰ring, aga linnad on t‰hestilukises j‰rjestuses
select City, Gender, sum(cast(Salary as Int)) as TotalSalary
from Employees
group by City, Gender
order by City

--On vaja teada, et mitu inimest on nimekirjas
select count(*) from Employees

--Mitu tˆˆtajat on soo ja linna kaupa tˆˆtamas
select City, Gender, sum(cast(Salary as Int)) as TotalSalary, 
count(Id) as [TotalEmployee(s)]
from Employees
group by Gender, City

--Kuvab kas naised vıi mehed linnade kaupa
--Kasutage where
select City, Gender, sum(cast(Salary as Int)) as TotalSalary, 
count(Id) as [TotalEmployee(s)]
from Employees
Where Gender = 'Male'
group by Gender, City

--Sama tulemus nagu eelmine kord, aga kasutage Having
select City, Gender, sum(cast(Salary as Int)) as TotalSalary, 
count(Id) as [TotalEmployee(s)]
from Employees
group by Gender, City
Having Gender = 'Male'

--Kıik kes teenivad rohkem, kui 4000
select * from Employees where sum(cast(Salary as Int)) > 4000

--teeme variandi, kus saame tulemuse
select Gender, City, sum(cast(Salary as Int)) as TotalSalary, 
count(Id) as [TotalEmployee(s)]
from Employees
group by Gender, City
Having sum(cast(Salary as int)) > 4000

--Loome tabeli, milles hakatakse automaatselt nummerdama Id-d
create table Test1
(
Id int identity(1,1),
Value nvarchar(20)
)

Insert into Test1 Values('X')
Select * from Test1

--Kustutame veeru nimega City Employee tabelist
Alter table Employees
Drop column City

--Inner join
--kuvab neid, kellel on DepartmentName all olemas v‰‰rtus
--mitte kattuvad read eemaldatakse tulemusest
--ja sellep‰rast ei n‰idata Jamesi ja Russelit
--Kuna neil on DepartmentId NULL
select Name, gender, Salary, DepartmentName
from Employees
inner join Department
on Employees.DepartmentId = Department.Id

--left join
select Name, gender, Salary, DepartmentName
from Employees
left join Department --vıib kasutada ka LEFT OUTER JOIN-i
on Employees.DepartmentId = Department.Id
--n‰itab anmdeid, kus vasakpoolsest tabelist isegi, siis kui seal puudub
--vıırvıtme reas v‰‰rtus

--Right join
select Name, gender, Salary, DepartmentName
from Employees
Right join Department --vıib kasutada ka RIGHT OUTER JOIN-i
on Employees.DepartmentId = Department.Id
--right join n‰itab paremas (Department) tabelis olevaid v‰‰rtuseid,
--mis ei ¸hti vasaku (Employees) tabeliga

--Outer join
select Name, gender, Salary, DepartmentName
from Employees
full outer join Department
on Employees.DepartmentId = Department.Id
--mılemad tabeli read kuvab

--teha cross join
select Name, gender, Salary, DepartmentName
from Employees
cross join Department
--Korrutab kıik omavahel l‰bi

--teha left join, kus Employees tabelist DepartmentId on NULL
select Name, gender, Salary, DepartmentName
from Employees
left join Department
on Employees.DepartmentId = Department.Id
where Employees.DepartmentId Is null

--Teine variant ja sama tulemus
select Name, gender, Salary, DepartmentName
from Employees
left join Department
on Employees.DepartmentId = Department.Id
where Department.Id Is NULL
--n‰itab ainult neid, kellel on vasakus tablis (Employees)
--DepartmentId NULL

select Name, gender, Salary, DepartmentName
from Employees
right join Department
on Employees.DepartmentId = Department.Id
where Employees.DepartmentId Is NULL
--N‰itab ainult paremas tabelis olevat rida,
--mis ei kattu Employees-ga

--Full join
--Mılema tabeli mitte-kattuvate v‰‰rtustega
select Name, gender, Salary, DepartmentName
from Employees
full join Department
on Employees.DepartmentId = Department.Id
where Employees.DepartmentId is NULL
or Department.Id is NULL

--Teete AdventureWorksLT2019 andmebaasile join p‰ringuid:
--Inner join, left join, right join, cross join ja full join
--Tabeleid sellesse andmebaasi juurde ei tohi teha

--Mınikord peab muutuja ette kirjutama tabeli nimetuse nagu on Product.Name,
--et editor saaks aru, et kumma tabeli muutujat soovitakse kasutada ja ei tekikst
--segadust
Select Product.Name as [Product Name], ProductNumber, ListPrice, 
ProductModel.Name as [Product Model Name], 
Product.ProductModelId,ProductModel.ProductModelId
--mınikord peab ka tabeli ette kirjutama t‰psustama info
--nagu on SalesLt.Product
from SalesLT.Product
inner join SalesLT.ProductModel
--Antud juhul Producti tabelis ProductModelId vıırvıti,
--mis ProductModeli tabelis on primaarvıti
on Product.ProductModelId = ProductModel.ProductModelId

--isnull funktsiooni kasutamine
select isnull('Ingvar', 'No Manager') As Manager

--NULL asemel kuvab No Manager
select coalesce(NULL, 'No Manager') as Manager

alter table Employees
add ManagerId int

--neile, kellel ei ole ¸lemust, siis paneb neile 'No Manager' teksti
--kasutage left joini
select E.Name as Employee, isnull(M.Name, 'No Manager') as Manager
from Employees E
left join Employees M
on E.ManagerId = M.Id

--Kasutame inner joini
--kuvab ainult ManagerId all olevate isikute v‰‰rtuseid
select E.Name as Employee, M.Name as Manager
from Employees E
inner join Employees M
on E.ManagerId = M.Id

--kıik saavad kıikide ¸lemused olla
select E.Name as Employee, M.Name as Manager
from Employees E
cross join Employees M

--Lisame tabelisse uued veerud
alter table Employees
add MiddleName nvarchar(30)

alter table Employees
add LastName Nvarchar(30)

select * from Employees

--muudame olemasoleva veeru nimetust
sp_rename 'Employees.Name', 'FirstName'

update Employees
set MiddleName = 'Nick', Lastname = 'Jones'
where Id = 1

update Employees
set LastName = 'Anderson'
where Id = 2

update Employees
set LastName = 'Smith'
where Id = 4

Update employees
set FirstName = Null, MiddleName = 'Todd', LastName = 'Someone'
where Id = 5

update Employees
set MiddleName = 'Ten', LastName = 'Seven'
where Id = 6

Update employees
set LastName = 'Connor'
where Id = 7

Update employees
set MiddleName = 'Balerine'
where Id = 8

Update employees
set MiddleName = '007', LastName = 'Bond'
where Id = 9

Update employees
set FirstName = Null, LastName = 'Crowe'
where Id = 10

--Igast reast vıtab esimesena t‰idetud lahti ja kuvab ainult seda
--coalesce
select * from Employees
select Id, coalesce (FirstName, MiddleName, LastName) as Name
from Employees

--loome kaks tabelit
create table IndianCustomers
(
Id int Identity(1,1),
Name nvarchar(25),
Email nvarchar(25)
)

create table UKCustomers
(
Id int Identity(1,1),
Name nvarchar(25),
Email nvarchar(25)
)

--sisestame tabelisse andmeid
insert into IndianCustomers (Name, Email)
values ('Raj', 'R@R.com'),
('Sam', 'S@S.com')

insert into UKCustomers (Name, Email)
values ('Ben', 'B@B.com'),
('Sam', 'S@S.com')

select * from IndianCustomers
select * from UKCustomers


--Kasutame union all, mis siis n‰itab kıike ridu
--Union all ¸hendab tabelid ja n‰itab sisu
select id, Name, Email from IndianCustomers
union all
select id, Name, Email from UKCustomers

--korduvate v‰‰rtustega read pannakse ¸hte ja ei korrata
select id, Name, Email from IndianCustomers
union
select id, Name, Email from UKCustomers

--kasutad union all, aga sorteerid nime j‰rgi
select id, Name, Email from IndianCustomers
union all
select id, Name, Email from UKCustomers
order by Name

--Stored Procedure
--tavaliselt pannakse nimetuse ette sp, mis t‰hendab stored procedure
create procedure spGetEmployees
as begin
select FirstName, Gender from Employees
end

--N¸¸d saab kasutada selle nimelist sp-d
spGetEmployees
exec spGetEmployees
execute spGetEmployees

create proc spGetEmployeesByGenderAndDepartment
--@ t‰hendab muutujat
@Gender nvarchar(20),
@DepartmentId int
as begin
    select FirstName, Gender, DepartmentId from Employees where Gender = @Gender
	and DepartmentId = @DepartmentId
end


--kui n¸¸d allolevat k‰sklust k‰ima panna, siis nıuab gender parameetrit
spGetEmployeesByGenderAndDepartment

--ıige variant
spGetEmployeesByGenderAndDepartment 'Female', 1

--niimoodi saab sp kirja pandud j‰rjekorrast mˆˆda minna, kui ise paned muutuja paika
spGetEmployeesByGenderAndDepartment @DepartmentId = 1, @Gender = 'Male'

--Saab vaadata sp sisu result vaates
sp_helptext spGetEmployeesByGenderAndDepartment

--Kuidas muuta sp-d ja panna sinna vıti peale, et keegi teine peale teie ei saaks muuta
--kuskile tuleb lisada with encryption
alter proc spGetEmployeesByGenderAndDepartment
--@ t‰hendab muutujat
@Gender nvarchar(20),
@DepartmentId int
with encryption
as begin
    select FirstName, Gender, DepartmentId from Employees where Gender = @Gender
	and DepartmentId = @DepartmentId
end

create proc spGetEmployeeCountByGender
@Gender nvarchar(20),
@EmployeeCount int output
as begin
    select @EmployeeCount = count(Id) from Employees where Gender = @Gender
end

--Annab tulemuse, kus loendab ‰ra nıuetele vastavad read
--prindib ka tulemuse kirja teel
--tuleb teha declare muutuja @TotalCount, mis on int
--execute spGetEmployeeCountByGender sp, kus on parameetrid Male ja TotalCount
--if ja else, kui TotalCount = 0, siis tuleb tekst TotalCount is Null
--lıpus kasuta printi @TotalCounti puhul

declare @TotalCount int
execute spGetEmployeeCountByGender 'Male', @TotalCount out
if (@TotalCount = 0)
	print '@TotalCount is Null'
else
    Print '@TotalCount is not Null'
print @TotalCount


--N‰itab ‰ra, mitu rida vastab nıuetele

--Deklareerimemuutuja @TotalCount, mis on int andmet¸¸p
declare @TotalCount int
--k‰ivitame stored procedure spGetEmployeeCountByGender sp, kus on parameetrid
--@EmployeeCount = @TotalCount out ja @Gender
execute spGetEmployeeCountByGender @EmployeeCount = @TotalCount out, @Gender = 'Female'
--prindib konsooli v‰lja, kui TotalCount on null vıi mitte null
print @TotalCount

--sp sisu vaatamine
sp_help spGetEmployeeCountByGender
--Tabeli info vaatamine
sp_help Employees
--kui soovid sp teksti n‰ha
sp_helptext spGetEmployeeCountByGender

--vaatame, millest sıltub meie valitud sp
sp_depends spGetEmployeeCountByGender
--n‰itab, et sp sıltub Employees tabelist, kuna seal on count(Id)
--ja Id on Employees tabelis

--vaatame tabelit
sp_depends Employees

--teeme sp, mis annab andmeid Id ja Name veergude kohta employee tabelis
create proc spGetNameById
@Id int,
@Name nvarchar(20) output
as begin
	select @Id = Id, @Name = FirstName from Employees
end


--annab kogu tabeli ridade arvu
create proc spTotalCount2
@TotalCount int output
as begin
	select @TotalCount = count(Id) from Employees
end

--on vaja teha uus p‰ring, kus kasutame spTotalCount2 sp-d,
--et saada tabeli ridade arv
--Tuleb deklareerida muutuja @TotalCount, mis on int andmet¸¸p
--tuleb execute spTotalCount2, kus on parameeter @TotalEmployees
declare @TotalEmployees int
execute spTotalCount2 @TotalEmployees output
print @TotalEmployees

--mis Id all on keegi nime j‰rgi
create proc spGetNameById1
@Id int,
@FirstName nvarchar(20) output
as begin
	select @FirstName = FirstName from Employees where Id = @Id
end

--annab tulemuse, kus Id 1 (Seda numbrit saab muuta) real on keegi koos nimega
--printi tuleb kasutada, et n‰idata tulemust
declare @FirstName nvarchar (20)
exec spGetNameById1 9, @FirstName output
print 'Name of the employee = ' + @FirstName

--tehke sama, mis eelmine, aga kasutage spGetNameById sp-d
--FirstName lıpus on out
declare @FirstName nvarchar (20)
exec spGetNameById 9, @FirstName out
print 'Name of the employee = ' + @FirstName

--output tagastab muudetud read kohe p‰ringu tulemusena
--See on salvestatud protseduuris ja ¸he v‰‰rtuse tagastamine
--out ei anna mitte midagi, kui seda ei m‰‰ra execute k‰sus

sp_help spGetNameById

create proc spGetNameById2
@Id int
--Kui on begin, siis on ka end kuskil olemas
as begin
	return (select FirstName from Employees where Id = @Id)
end

--tuleb veateade kuna kutsusime v‰lja int-i, aga Tom on nvarchar
declare @EmployeeName nvarchar(50)
execute @EmployeeName = spGetNameById2 1
print 'Name of employee = ' + @EmployeeName


--Sisseehitaud string funktsioonid
--see konverteerib ASCII t‰he v‰‰rtuse numbriks
select ASCII('a')

select char(65)

--prindime kogu t‰hestiku v‰lja
declare @Start int
set @Start = 97
--kasutate while, et n‰idata kogu t‰hestik ette
while (@Start <= 122)
begin
	select char(@Start)
	set @Start = @Start + 1
end

--eemaldame t¸hjad kohad sulgudes
select('                                  Hello')
select LTRIM('                                  Hello')

--t¸hikute eemaldamine veerust, mis on tabelis
select FirstName, MiddleName,LastName from Employees
--eemaldage t¸hikud FirstName veerust ‰ra
select LTRIM(FirstName) as FirstName, MiddleName,LastName from Employees

--paremalt poolt t¸hjad stringid lıikab ‰ra
select rtrim('     Hello           ')

--keerab kooloni sees olevad andmed vastupidiseks
--vastavalt lower-iga ja upper-iga saan muuta m‰rkide suurust
--reverse funktsioon pˆˆrab kıik ¸mber
select Reverse(upper(ltrim(FirstName))) as FirstName, MiddleName, lower(LastName),
rtrim(ltrim(FirstName)) + ' ' + MiddleName + ' ' + LastName as FullName
from Employees

--left , right, substring
--vasakult poolt neli esimest t‰hte
select left('ABCDE', 4)
--paremalt poolt kolm t‰hte
select right('ABCDE', 3)

--kuvab @-t‰hem‰rgi asetust ehk mitmes on @-m‰rk
select CHARINDEX('@', 'sara@aaa.com')

--esimene nr peale komakohta n‰itab, et mitmendast alustab ja
--siis mitu nr peale seda kuvada
select SUBSTRING('pam@bbb.com', 5, 3)

--@ - m‰rgist kuvab kolm t‰hem‰rki. Viimase nr saab m‰‰rata pikkust
select SUBSTRING('pam@bbb.com', CHARINDEX('@', 'pam@bbb.com') + 1, 3)

--peale @-m‰rki hakkab kuvama tulemust, nr saab kaugust seadistada
select SUBSTRING('pam@bbb.com', CHARINDEX('@', 'pam@bbb.com') + 2,
len('pam@bbb.com') - CHARINDEX('@', 'pam@bbb.com'))


alter table Employees
add Email nvarchar(20)

select * from Employees

update Employees
set Email = 'Tom@aaa.com'
where Id = 1

update Employees
set Email = 'Pam@bbb.com'
where Id = 2

update Employees
set Email = 'John@aaa.com'
where Id = 3

update Employees
set Email = 'Sam@bbb.com'
where Id = 4

update Employees
set Email = 'Todd@bbb.com'
where Id = 5

update Employees
set Email = 'Ben@ccc.com'
where Id = 6

update Employees
set Email = 'Sara@ccc.com'
where Id = 7

update Employees
set Email = 'Valarie@aaa.com'
where Id = 8

update Employees
set Email = 'James@bbb.com'
where Id = 9

update Employees
set Email = 'Russel@bbb.com'
where Id = 10

--soovime teada saada domeeninimesid emailides
select SUBSTRING(Email, CHARINDEX('@', Email) + 1,
len (Email) - charindex('@', Email)) as EmailDomain
from Employees

--alates teisest t‰hest emailis kuni @ m‰rgini on t‰rnid
select ltrim(FirstName), LastName, substring(Email, 1, 2) + '******' + 
SUBSTRING(Email, charindex('@', Email), len(Email)) as Email from Employees

--kolm korda n‰itab stringis olevat v‰‰rtust
select replicate('asd', 5)

--t¸hiku sisestamine
select space(5)

--t¸hiku sisestamine FirstName ja LastName vahele
select FirstName + space(25) + LastName as FullName from Employees

--PATINDEX
--Sama, mis CHARINDEX, aga d¸naamilisem ja saab kasutada wildcardi
select Email, PATINDEX('%@aaa.com', Email) as FirstOccourence
from Employees
where PATINDEX('%@aaa.com', Email) > 0
--leian kıik selledomeeni esindajad ja alates mitmendast m‰rgist algab @

--kıik .com emailid asendab .net-iga
select Email, Replace(Email, '.com', '.net') as convertedEmail
from Employees

--soovin asendada peale esimest m‰rki kolm t‰hte viie t‰rniga
select FirstName, LastName, Email,
	stuff(Email, 2, 3, '*****') as StuffedMail
from Employees

create table DateTime
(
	c_time time,
	c_date date,
	c_smalldatetime smalldatetime,
	c_datetime datetime,
	c_datetime2 datetime2,
	c_datetimeoffset datetimeoffset
)

select * from DateTime

--konkreetse masina kellaaeg
select GETDATE(), 'GETDATE()'

insert into DateTime
values(getdate(), getdate(), getdate(), getdate(), getdate(), getdate())

select * from DateTime

update DateTime
set c_datetimeoffset = '2026-04-08 14:49:28.1933333 + 10:00'
where c_datetimeoffset = '2026-03-19 14:25:09.8900000 +00:00'

select CURRENT_TIMESTAMP, 'CURRENT_TIMESTAMP' --aja p‰ring
select SYSDATETIME(), 'SYSDATETIME' --veel t‰psem aja p‰ring
select SYSDATETIMEOFFSET(), 'SYSDATETIMEOFFSET' -- t‰pe aeg koos ajalise nihkega
select GETUTCDATE(), 'GETUTCDATE' --UTC aeg

--Saab kontrollida, kas on ıige andmet¸¸p
select ISDATE('asd') --tagastab 0 kuna string ei ole date
select ISDATE(GETDATE()) --Kuidas saada vastuseks 1 isdate puhul
select ISDATE('2026-04-08 14:49:28.1933333') --tagastab 0 kuna max kolm komakohta vıib olla
select ISDATE('2026-04-08 14:49:28.193') --tagastab 1
select DAY(GETDATE()) --annab t‰nase p‰eva numbri
select DAY('01/24/2026') --annab stringis oleva kuup‰eva ja j‰rjestus peab olema ıige
select MONTH(GETDATE()) --annab jooksva kuu numbri
select MONTH('01/24/2026') --annab stringis oleva kuu ja j‰rjestus peab olema ıige
select YEAR(GETDATE()) --annab jooksva aasta numbri
select YEAR('01/24/2026') --annab stringis oleva aasta ja j‰rjestus peab olema ıige

select DATENAME(DAY, '2026-04-08 14:49:28.193') --annab stringis oleva p‰eva numbri
select DATENAME(WEEKDAY, '2026-04-08 14:49:28.193') --annab stringis oleva p‰eva sınana
select DATENAME(MONTH, '2026-04-08 14:49:28.193') --Annab stringis oleva kuu sınana

create table EmployeesWithDates
(
	Id nvarchar(2),
	Name nvarchar(20),
	DateOfBirth datetime
)

select * from EmployeesWithDates

insert into EmployeesWithDates(Id, Name, DateOfBirth)
values (1, 'Sam', '1980-12-30 00:00:00.000'),
(2, 'Pam', '1982-09-01 12:02:36.260'),
(3, 'John', '1985-08-22 12:03:30.370'),
(4, 'Sara', '1979-11-29 12:59:30.670')

--kuidas vıtta ¸hest veerust andmeid ja selle abil luua uued veerud

--vaatab DoB veerust p‰eva ja kuvab p‰eva nimetuse sınana
select Name, DateOfBirth, DATENAME(weekday, DateOfBirth) as [Day],
	--Vaatab DoB veerust kuup‰evasid ja kuvab kuu nr
	Month(DateOfBirth) as MonthNumber,
	--vaatab DoB veerust kuud ja kuvab sınana
	DateName(Month, DateOfBirth) as [MonthName],
	--vıtab DoB veerust aasta
	Year(DateOfBirth) as [Year]
from EmployeesWithDates

--kuvab 3 kuna USA n‰dal algab p¸hap‰eval
select DATEPART(weekday, '2026-03-24 12:59:30.670')
--tehke sama, aga kasutage kuu-d
select DATEPART(MONTH, '2026-03-24 12:59:30.670')
--liidab stringis olevale kp 20 p‰eva juurde
select DATEADD(day, 20 ,'2026-03-24 12:59:30.670')
--lahutab 20 p‰eva maha
select DATEADD(day, -20 ,'2026-03-24 12:59:30.670')
--kuvab kahe stringis oleva kuudevahelist aega nr-na
select DATEDIFF(MONTH, '11/20/2026', '01/20/2024')
--tehke sama, aga kasutage aastat
select DATEDIFF(YEAR, '11/20/2026', '01/20/2028')

--alguses uurite mis on funktsioon MS SQL
-- Andmebaasifunktsioonid on SQL-k‰skude kogum,
-- mida kasutatakse konkreetsete andmebaasitehingute tegemiseks.
-- Eelkirjutatud toimingud, salvestatud tegevus

--miks seda vaja on
-- Pakkuda DB-s koduvkasutatud funktsionaalsust

--mis on selle eelised ja puudused
--Eelised
	-- Saad kiiresti kasutada toiminguid ja ei pea uuesti koodi kirjutama
--Puudused
	--Funktsioon ei tohi muuta DB olekut

create function fnComputeAge(@DOB datetime)
returns nvarchar(50)
as begin
	declare @tempdate datetime, @years int, @months int, @days int
	select @tempdate = @DOB

	select @years = DATEDIFF(year, @tempdate, getdate()) - case when (month(@DOB) >
	month(GETDATE())) or (month(@DOB) = month(GETDATE()) and DAY(@DOB) > day(getdate()))
	then 1 else 0 end
	select @tempdate = DATEADD(year, @years, @tempdate)

	select @months = DATEDIFF(month, @tempdate, getdate()) - case when day(@DOB) > day(GETDATE())
	then 1 else 0 end
	select @tempdate = DATEADD(month, @months, @tempdate)

	select @days = DATEDIFF(day, @tempdate, GETDATE())

	declare @Age nvarchar(50)
		set @Age = CAST(@years as nvarchar(4)) + 'Years ' + CAST(@months as nvarchar(2)) 
		+ 'Months ' + CAST(@days as nvarchar(2)) + 'Days old '
	return @Age
end

select Id, Name, DateOfBirth, dbo.fnComputeAge(DateOfBirth) as Age from EmployeesWithDates

--
select SalesLT.ProductModel.ProductModelID, SalesLT.ProductModel.rowguid, SalesLT.ProductModel.ModifiedDate
from SalesLT.ProductModel
left join SalesLT.ProductModelProductDescription
on SalesLT.ProductModelProductDescription.ProductModelID = SalesLT.ProductModel.ProductModelID

--
select SalesLT.Address.AddressID, SalesLT.Address.rowguid, SalesLT.Address.ModifiedDate
from SalesLT.Address
Right join SalesLT.CustomerAddress
on SalesLT.CustomerAddress.AddressID = SalesLT.Address.AddressID

--
select SalesLT.SalesOrderHeader.SalesOrderID, SalesLT.SalesOrderHeader.rowguid, SalesLT.SalesOrderHeader.ModifiedDate
from SalesLT.SalesOrderHeader
Inner Join SalesLT.SalesOrderDetail
on SalesLT.SalesOrderDetail.SalesOrderID = SalesLT.SalesOrderHeader.SalesOrderID

--
select SalesLT.Product.ProductCategoryID
from SalesLT.Product
full outer join SalesLT.ProductCategory
on SalesLT.ProductCategory.ProductCategoryID = SalesLT.Product.ProductCategoryID

--
select SalesLT.Customer.CustomerID
from SalesLT.Customer
cross join SalesLT.CustomerAddress


create procedure spGetAllCustomers
as begin
	select CustomerID, Title, FirstName, LastName from SalesLT.Customer
end

execute spGetAllCustomers

create proc spGetCustomerById
@CustomerID int
as begin
	select FirstName, LastName, EmailAddress from SalesLT.Customer
end

execute spGetCustomerById 1

create proc spGetOrdersByDateRange
@StartDate date,
@EndDate date
as begin
	select OrderDate from SalesLT.SalesOrderHeader
end

declare @StartDate date, @EndDate date
execute spGetOrdersByDateRange @StartDate 2008-06-13 00:00:00.000, @EndDate 2009-06-13 00:00:00.000

create proc spAddNewProduct
@Name nvarchar(30),
@ProductNumber int,
@ListPrice int,
@StandardCost int,
@SellStartDate = getdate()
as begin
	insert into SalesLT.Product values (@Name, @ProductNumber, @ListPrice, @StandardCost, @SellStartDate)
end

create proc spUpdateProductPrice
@ProductNumber int,
@NewPrice int
as begin
	update SalesLT.Product set ListPrice = @NewPrice
	where ProductID = @ProductNumber
end

create proc spDeleteCustomer
as begin
	delete from SalesLT.Customer where CustomerID not in (select) 
end



create proc spGetOrderCountByCustomer
@CustomerID
as begin
	
end



select Id, Name, DateOfBirth, dbo.fnComputeAge(DateOfBirth) as Age from EmployeesWithDates

--kui kasutame seda funktsiooni, siis saame teada t‰nase p‰eva vahet stringis v‰lja tooduga
select dbo.fnComputeAge('02/24/2010') as Age

--number peale DOB muutujat n‰itab, et mismoodi kuvada DOB
select Id, Name, DateOfBirth,
CONVERT(nvarchar, DateOfBirth, 110) as ConvertedDOB
from EmployeesWithDates

select Id, Name, Name + ' - ' + CAST(Id as nvarchar) as [Name-Id] from EmployeesWithDates

select CAST(GETDATE() as date) --t‰nane kuup‰ev
--t‰nane kuup‰ev, aga kasutate convert-i, et kuvada stringina
select CONVERT(date, GETDATE())

--matemaatilised funktsioonid
select ABS(-5) --ABS on absoluutv‰‰rtusega number ja tulemuseks saame ilma miinus m‰rgita 5
select CEILING(4.2) --CEILING on funktsioon, mis ¸mardab ¸lespoole ja tulemuseks saame 5
select CEILING(-4.2) --CEILING ¸mardab ka miinus numbrid ¸lespoole, mis t‰hendab, et saame -4
select FLOOR(15.2) --floor on funktsioon, mis ¸mardab alla ja tulemuseks saame 15
select FLOOR(-15.2) --floor ¸mardab ka miinus numbrid alla, mis t‰hendab, et saame -16
select POWER(2, 4) --kaks astmes neli
select SQUARE(9) --antud juhul 9 ruudus
select SQRT(16) --antud juhul 16 ruutujuur

select RAND() --RAND on funktsioon, mis genereerib juhusliku numbri vahemikus 0 kuni 1
--kuidas saada t‰isnumber iga kord
select FLOOR(RAND() * 100) --korrutab sajaga iga suvalise numbri

--Iga kord n‰itab 10 suvalist numbrit
declare @counter int
set @counter = 1
while (@counter <= 10)
begin
	print floor(rand() * 1000)
	set @counter = @counter + 1
end

select ROUND(850.556, 2)
--Round on funktsioon, mis ¸mardab kaks komakohta 
--ja tulemuseks saame 850.560
select ROUND(850.556, 2, 1)
--ROUND on funktsioon, mis ¸mardab kaks komakohta ja
--kui kolmas parameeter on 1, siis ¸mardab alla
select ROUND(850.556, 1)
--ROUND on funktsioon, mis ¸mardab ¸he komakoha ja
--tulemuseks saame 850.6
select ROUND(850.556, 1, 1)
--¸mardab alla ¸he komakoha pealt ja 
--tulemuseks saame 850.5
select ROUND(850.556, -2) 
--¸mardab t‰isnumbri ¸lessepoole ja tulemus on 900
select ROUND(850.556, -1) 
--¸mardab t‰isnumbri alla ja tulemus on 850

---
create function dbo.CalculateAge(@DOB date)
returns int
as begin 
declare @Age int
	set @Age = DATEDIFF(year, @DOB, GETDATE()) -
	case
		when (MONTH(@DOB) > MONTH(GETDATE())) or
		(month(@DOB) = MONTH(GETDATE()) and DAY(@DOB) > DAY(GETDATE()))
		then 1 else 0 end
	return @Age
end

exec dbo.CalculateAge '1980-12-30'

--arvutab v‰lja, kui vana on isik ja vıtab arvesse kuud ning p‰evad
--antud juhul n‰itab kıike, kes on ¸le 36 a vanad
select Id, Name, dbo.CalculateAge(DateOfBirth) as Age from EmployeesWithDates
where dbo.CalculateAge(DateOfBirth) > 36


--inline table valued functions
alter table EmployeesWithDates
add DepartmentId int
alter table EmployeesWithDates
add Gender nvarchar(10)

select * from EmployeesWithDates

update EmployeesWithDates
set DepartmentId = 1, Gender = 'Male'
where Id = 1

update EmployeesWithDates
set DepartmentId = 2, Gender = 'Female'
where Id = 2

update EmployeesWithDates
set DepartmentId = 1, Gender = 'Male'
where Id = 3

update EmployeesWithDates
set DepartmentId = 3, Gender = 'Female'
where Id = 4

insert into EmployeesWithDates(Id, Name, DateOfBirth, DepartmentId, Gender)
values (5, 'Todd', '1978-11-29 12:59:30.670', 1, 'Male')

--scalar function annab mingis vahemikus olevaid andmeid,
--inline table values ei kasuta begin ja end funktsioone
--scalar annab v‰‰rtused ja inline annab tabeli
create function fn_EmployeesByGender(@Gender nvarchar(10))
returns table
as
return (select Id, Name, DateOfBirth, DepartmentId, Gender
		from EmployeesWithDates
		where Gender = @Gender)

--Kuidas leida kıik naised tabelis EmployeesWithDates
-- ja kaustada funktsiooni fn_EmployeesByGender
select * from fn_EmployeesByGender('Female')

--tahaks ainult Pami nime n‰ha
select * from fn_EmployeesByGender('Female') where Name = 'Pam'

select * from Department

--kahest erinevast tabelist andmete vıtmine ja koos kuvamine
--Esimene on funktsioon ja teine tabel

select Name, Gender, DepartmentName
from fn_EmployeesByGender('Male') E
join Department D on D.Id = E.DepartmentId

--Multi tabel statement
--inline funktsioon
create function fn_GetEmployees()
returns table as
return (select Id, Name, CAST(DateOfBirth as date)
		as DOB
		from EmployeesWithDates)

select * from fn_GetEmployees()

--multi-state puhul peab defineerima uue tabeli veerud koos muutujatega
--funktsiooni nimi on fn_MS_GetEmployees()
--peab edastama meile Id, Name, DOB tabelist EmployeesWithDates
create function fn_MS_GetEmployees()
returns @Table table (Id int, Name nvarchar(20), DOB date)
as begin
	insert into @Table
	select Id, Name, CAST(DateOfBirth as date) from EmployeesWithDates
	return
end

select * from fn_MS_GetEmployees()

--inline tabeli funktsioonid on paremini tˆˆtamas kuna k‰sitletakse vaatena
--multi puhul on pm tegemist stored proceduriga ja kulutab ressurssi rohkem

--muudame andmeid ja vaatame, kas inline funktsioonis on muutused kajastatud
update fn_GetEmployees() set Name = 'Sam1' where Id = 1
select * from fn_GetEmployees() --saab muuta andmeid

update fn_MS_GetEmployees set Name = 'Sam2' where Id = 1
--ei saa muuta andmeid multi state funktsioonis,
--kuna see on nagu stored procedure

--deterministic vs non-deterministic functions
--deterministic funktsioonid annavad alati sama tulemuse, kui sisend on sama
select COUNT(*) from EmployeesWithDates
select SQUARE(4)

--non-deterministic funktsioonid annavad erineva tulemuse, kui sisend on sama
select getdate()
select CURRENT_TIMESTAMP
select RAND()


--Ðlesanded
create function fn_GetAllCustomers_ITVF()
returns table as
return (select * from SalesLT.Customer)

select * from fn_GetAllCustomers_ITVF()

create function fn_GetCustomerByID_ITVF(@CustomerID int)
returns table as
return (select CustomerID, FirstName, LastName from SalesLT.Customer where (CustomerID = @CustomerID))

select * from fn_GetCustomerByID_ITVF(1)

create function fn_GetOrdersByCustomer_ITVF(@CustomerID int)
returns table as
return (select * from SalesLT.SalesOrderHeader where (@CustomerID = CustomerID))

select * from fn_GetOrdersByCustomer_ITVF(30019)

create function fn_GetProductsByPrice_ITVF(@MinPrice int, @MaxPrice int)
returns table as
return (select * from SalesLT.Product where (ListPrice between @MinPrice and @MaxPrice))

select * from fn_GetProductsByPrice_ITVF(100, 500)

create function fn_GetTopExpensiveProducts_ITVF()
returns table as
return (select top 10 * from SalesLT.Product order by ListPrice)

select * from fn_GetTopExpensiveProducts_ITVF()

create function fn_GetCustomerFullInfo_MSTVF(@CustomerID int)
returns @Result table (CustomerID int, Name nvarchar(50), Email nvarchar(50), Phone nvarchar(15))
as begin
	insert into @Result
	select CustomerID, coalesce(FirstName, LastName) as Name, EmailAddress, Phone from SalesLT.Customer where (@CustomerID = CustomerID)
	return
end

select * from fn_GetCustomerFullInfo_MSTVF(1)

create function fn_GetProductOrderSummary_MSTVF(@CustomerID int)
returns @Result table (CustomerID int, TotalDue int)
as begin
	insert into @Result
	select CustomerID, TotalDue from SalesLT.SalesOrderHeader where (@CustomerID = CustomerID)
	return
end

select * from fn_GetProductOrderSummary_MSTVF

create function fn_GetProductPriceCategory_MSTVF
returns @Result table (Name nvarchar(50), ListPrice int)
as begin
	insert into @Result
	select Name, ListPrice from SalesLT.Product
		if (ListPrice > 150, 'Odav', '')

Create function fn_GetTopCustomersBySpending_MSTVF
returns @Result Table
(
	CustomerID int,
	FullName nvarchar(200),
	TotalSpent MONEY
)
as begin
	insert into @Result
	select TOP 5
	c.CustomerID, c.FirstName + ' ' + c.LastName, SUM(soh.TotalDue)
	from SalesLT.Customer c
	join SalesLT.SalesOrderHeader soh
		on c.CustomerID = soh.CustomerID
	Group by c.CustomerID, c.FirstName, c.LastName
	order by TotalSpent DESC;
	return
end

--loome funktsiooni
create function fn_GetNameById(@Id int)
returns nvarchar(30)
as begin
	return (select Name from EmployeesWithDates where Id = @Id)
end

--kasutame funktsiooni, leides Id 1 all oleva inimene
select dbo.fn_GetNameById(1)

select * from EmployeesWithDates

--saab n‰ha funktsiooni sisu
sp_helptext fn_GetNameById

--n¸¸d muudate funktsiooni nimega fn_GetNameById
--ja panete sinna encryption, et keegi peale teie ei saaks sisu n‰ha
alter function fn_GetNameById(@Id int)
returns nvarchar(30)
with encryption
as begin
	return (select Name from EmployeesWithDates where Id = @Id)
end

--kui n¸¸d sp_helptexti kasutada, siis ei n‰e funktsiooni sisu
sp_helptext fn_GetNameById

--kasutame schemabindingut, et n‰ha, mis on funktsiooni sisu
alter function dbo.fn_GetNameById(@Id int)
returns nvarchar(30)
with schemabinding
as begin
	return (select Name from dbo.EmployeesWithDates where Id = @Id)
end
--schemabinding t‰hendab, et kui keegi ¸ritab muuta EmployeesWithDates
--tabelit, siis ei lase seda teha, kuna see on seotud
--fn_GetNameById funktsiooniga

--ei saa kustutadaa ega muuta tabelit EmployeesWithDates,
--kuna see on seotud fn_GetNameById funktsiooniga
drop table dbo.EmployeesWithDates

--temporary tables
--see on ainult olemas ainult selle sessiooni jooksul
--kasutatakse # s¸mbolit, et saada aru, et tegemist on temporary tabeliga
create table #PersonDetails (Id int, Name nvarchar(20))

insert into #PersonDetails values (1, 'Sam')
insert into #PersonDetails values (2, 'Pam')
insert into #PersonDetails values (3, 'John')

select * from #PersonDetails

--temporary tabelite nimekirja ei n‰e, kui kasutada sysobjects
--tabelit, kuna need on ajutised
select Name from sysobjects
where name like '#PersonDetails%'

--kustutame temporary table
drop table #PersonDetails

--loome sp, mis loob temporary tabeli ja paneb sinna andmed
create proc spCreateLocalTempTable
as begin
create table #PersonDetails (Id int, Name nvarchar(20))

insert into #PersonDetails values (1, 'Sam')
insert into #PersonDetails values (2, 'Pam')
insert into #PersonDetails values (3, 'John')

select * from #PersonDetails
end

exec spCreateLocalTempTable

--globaalne temp tabel on olemas kogu
--serveris ja kıigile kasutajatele, kes on ¸hendatud
create table ##GlobalPersonDetails (Id int, Name nvarchar(20))

--Index
create table EmployeeWithSalary
(
	Id int primary key,
	Name nvarchar(20),
	Salary int,
	Gender nvarchar(10)
)

insert into EmployeeWithSalary(Id, Name, Salary, Gender)
values (1, 'Sam', 2500, 'Male'),
(2, 'Pam', 6500, 'Female'),
(3, 'John', 4500, 'Male'),
(4, 'Sara', 5500, 'Female'),
(5, 'Todd', 3100, 'Male')

select * from EmployeeWithSalary


--otsime inimesi, kelle palgavahemik on 5000 kuni 7000
select * from EmployeeWithSalary
where Salary between 5000 and 7000

--loome indeksi Salary veerule, et kiirendada otsingut
--mis asetab andmed Salary veeru j‰rgi j‰rjestatult
create Index IX_EmployeeSalary
on EmployeeWithSalary(Salary asc)

--Saame teada, et mis on selle tabeli primaarvıti ja index
exec sys.sp_helpindex @objname = 'EmployeeWithSalary'

--tahaks IX_EmployeeSalary indeksi kasutada, et otsing oleks kiirem
select * from EmployeeWithSalary
where Salary between 5000 and 7000

--n‰itab, et kaustakse indeksi IX_EmployeeSalary,
--kuna see on j‰rjestatud Salary veeru j‰rgi
select * from EmployeeWithSalary with (index(IX_EmployeeSalary))

--Indeksi kustutamine
drop index IX_EmployeeSalary on EmployeeWithSalary --1 variant
drop index EmployeeWithSalary.IX_EmployeeSalary --2 variant

----Indeksi t¸¸bid:
--1. Klastrites olevad
--2. Mitte-klastris olevad
--3. Unikaalsed
--4. Filtreeritud
--5. XML
--6. T‰istekst
--7. Ruumiline
--8. Veerus‰ilitav
--9. Veergude indeksid
--10. V‰lja arvatud veergudega indeksid

-- Klastris olev indeks m‰‰rab ‰ra tabelis oleva f¸¸silise j‰rjestuse
-- ja selle tulemusel saab tabelis olla ainult ¸ks klastris olev indeks

create table EmployeeCity
(
	Id int primary key,
	Name nvarchar(20),
	Salary int,
	Gender nvarchar(10),
	City nvarchar(50)
)

exec sp_helpindex EmployeeCity

-- andmete ıige j‰rjestuse loovad klastris olevad indeksid
-- ja kasutab selleks Id nr-t
-- pıhjus, miks antud juhul kasutab Id-d, tuleneb primaarvıtmest
insert into EmployeeCity values(3, 'John', 4500, 'Male', 'New York')
insert into EmployeeCity values(1, 'Sam', 2500, 'Male', 'London')
insert into EmployeeCity values(4, 'Sara', 5500, 'Female', 'Tokyo')
insert into EmployeeCity values(5, 'Todd', 3100, 'Male', 'Toronto')
insert into EmployeeCity values(2, 'Pam', 6500, 'Male', 'Sydney')

--klastris olevad indeksid dikteerivad s‰ilitatud andmete j‰rjestuse tabelis
--ja seda saab klastrite puhul olla ainult ¸ks

select * from EmployeeCity
create clustered index IX_EmployeeCityName
on EmployeeCity(Name)
--pıhjus, miks ei saa luua klastris olevat
--indeksit Name veerule, on see, et tabelis on juba klastris
--olev indeks Id, veerul, kuna see on primaarvıti

--loome composite indeksi, mis t‰hendab, et see on mitme veeru indeks
--enne tuleb kustutada klastris olev indeks, kuna composite indeks
--on klastris olev indeksi t¸¸p
create clustered index IX_EmployeeGenderSalary
on EmployeeCity(Gender desc, Salary asc)
-- kui teed select p‰ringu sellele tabelile, siis peaksid n‰gema andmeid,
-- mis j‰rjestatud selliselt: Esimeseks vıetakse aluseks Gender veerg
-- kahanevas j‰rjestuses ja siis Salary veerg tıusvas j‰rjestuses

select * from EmployeeCity

--mitte klastris olev indeks on eraldi struktuur,
--mis hoiab indeksi veeru v‰‰rtusi
create nonclustered index IX_EmployeeCityName
on EmployeeCity(Name)
--kui n¸¸d teed select p‰ringu, siis n‰ed, et andmed on
--j‰rjestatud Id veeru j‰rgi
select * from EmployeeCity

-- Erinevused kahe indeksi vahel
-- 1. Ainult ¸ks klastris olev indeks saab olla tabeli peale,
-- mitte-klastris olevaid indekseid saab olla mitu
-- 2. Klastris olevad indeksid on kiiremad kuna indeks peab tagasi
-- viitama tabelite juhul, kui selekteeritud veerg ei ole olemas indeksis
-- 3. Klastris olev indeks m‰‰ratleb ‰ra tabeli ridade salvestusj‰rjestuse
-- ja ei n‰us kettal lisa ruumi. Samas mitte klastris olevad indeksid on
-- salvsestatud tabelist eraldi ja nıuab lisa ruumi

create table EmployeeFirstName 
(
	Id int Primary Key,
	FirstName nvarchar(20),
	LastName nvarchar(20),
	Salary int,
	Gender nvarchar(10),
	City nvarchar(50)
)

exec sp_helpindex EmployeeFirstName

insert into EmployeeFirstName values(1, 'John', 'Smith', 4500, 'Male', 'New York')
insert into EmployeeFirstName values(1, 'Mike', 'Sandoz', 2500, 'Male', 'London')

drop index EmployeeFirstName.PK__Employee__3214EC07849ED657
-- kui k‰ivitad ¸levalpool oleva koodi, siis tuleb veateade
-- et SQL server kasutab UNIQUE indeksit jıustamaks v‰‰rtuste
-- unikaalsust ja primaarvıvtit koodiga Unikaalseid Indekseid
-- ei saa kustutada, aga k‰sitsi saab

create unique nonclustered index UIX_Employee_FirstName_LastName
on EmployeeFirstName(FirstName, LastName)

--lisame uue piirangu peale
alter table EmployeeFirstName
add constraint UQ_EmployeeFirstNameCity
unique nonclustered (City)

--Sisestage kolmas rida andmetega, mis on Id-s 3, FirstName-s John,
--LastName-s Menco ja linn on London
insert into EmployeeFirstName values(3, 'John', 'Menco', 3500, 'Male', 'London')

--Saab vaadata indeksite infot
exec sp_helpconstraint EmployeeFirstName

-- 1. Vaikimisi primaarvıti loob unikaalse klastris oleva indeksi,
-- samas unikaalne piirang loob unikaalse mitte-klastris oleva indeksi
-- 2. Unikaalset indeksit vıi piirangut ei saa luue olemasolevasse tabelis
-- kui tabel juba sisaldab v‰‰rtusi vıtmeveerus
-- 3. Vaikimisi korduvaid v‰‰rtuseid ei ole veerus lubatud,
-- kui peaks olema unikaalne indeks vıi piirand. NT, kui tahad sisestada
-- 10 rida andmeid, milles 5 sisaldavad korduvaid andmeid,
-- siis kıik 10 l¸katakse tagasi. Kui soovin ainult 5
-- rea tagasi l¸kkamist ja ¸lej‰‰nud 5 rea sisestamist, siis selleks
-- kasutatakse INGORE_DUP_KEY

--koodin‰ide
create unique index IX_EmployeeFirstName
on EmployeeFirstName(City)
with ignore_dup_key

insert into EmployeeFirstName values(4, 'John', 'Menco', 3512, 'Male', 'London1')
insert into EmployeeFirstName values(5, 'John', 'Menco', 3123, 'Male', 'London2')
insert into EmployeeFirstName values(5, 'John', 'Menco', 3220, 'Male', 'London2')
-- Enne ingore k‰sku oleks kıik kolm rida tagasi l¸katud, aga
-- n¸¸d l‰ks keskmine rida l‰bi kuna linna nimi on unikaalne
select * from EmployeeFirstName

--View on virtuaalne tabel, mis on loodud ¸he vıi mitme tabeli pıhjal
select FirstName, Salary, Gender, DepartmentName
from Employees
join Department
on Department.Id = Employees.DepartmentId

create view vw_EmployeesByDetails
as 
select FirstName, Salary, Gender, DepartmentName
from Employees
join Department
on Department.Id = Employees.DepartmentId
--otsige ¸lesse view

--kuidas view-d kasutada: vw_EmployeesByDetails
select * from vw_EmployeesByDetails
-- View ei salvesta andmeid vaikimisi
-- Seda tasub vıtta, kui salvestatud virtuaalse tabelina

-- milleks vaja:
-- saab kasutada andmebaasi skeemi keerukuse lihtsustamiseks,
-- mitte IT-inimesele
-- piiratud ligip‰‰s andmetele, ei n‰e kıiki veerge

--teeme view, kus n‰eb ainult IT tˆˆtajaid
create view vITEmployeesInDepartment
as
select FirstName, Salary, Gender, DepartmentName
from Employees
join Department
on Department.Id = Employees.DepartmentId
where Department.DepartmentName = 'IT'
-- ¸levalpool olevat p‰ringut saab liigitada reataseme turvalisuse
-- alla. Tahan ainult n‰idata IT osakonna tˆˆtajaid

select * from vITEmployeesInDepartment

--veeru taseme turvalisus
--peale selecti m‰‰ratled veergude n‰itamise ‰ra
create view vEmployeesInDepartmentSalaryNoShow
as
select FirstName, Gender, DepartmentName
from Employees
join Department
on Employees.DepartmentId = Department.Id

select * from vEmployeesInDepartmentSalaryNoShow

--saab kasutada esitlemaks koondandmeid ja ¸ksikasjalike andmeid
--view, mis tagastab summeeritud andmeid
create view vEmployeesCountByDepartment
as
select DepartmentName, COUNT(Employees.Id) as TotalEmployees
from Employees
join Department
on Employees.DepartmentId = Department.Id
group by DepartmentName

select * from vEmployeesCountByDepartment

--Kui soovid vaadata view sisu?
sp_helptext vEmployeesCountByDepartment
--kui soovid muuta, siis kasutad alter view

--kui soovid kustutada, siis kasutad drop view
drop view vEmployeesCountByDepartment

--andmete uuendamine l‰bi view
create view vEmployeesDataExceptSalary
as
select Id, FirstName, Gender, DepartmentId
from Employees

update vEmployeesDataExceptSalary
set [FirstName] = 'Pam' where Id = 2

select * from Employees

--kustutage Id 2 rida ‰ra
delete from vEmployeesDataExceptSalary where Id = 2
--andmete sisestamine l‰bi view: vEmployeesDataExceptSalary
-- Id 2, Female, osakond 2 ja nimi on Pam
insert into vEmployeesDataExceptSalary(Id, FirstName, Gender, DepartmentId)
values(2, 'Pam', 'Female', 2)

--Idekseeritud view
--MS SQL-s on indekseeritud view nime all ja
--Oracles materjaliseeritud view nimega

create table Product
(
Id int primary key,
Name nvarchar(20),
UnitPrice int
)

insert into Product(Id, Name, UnitPrice)
values(1, 'Books', 20),
(2, 'Pens', 14),
(3, 'Pencils', 11),
(4, 'Clips', 10)

select * from Product

create table ProductSales
(
Id int,
QuantitySold int
)

insert into ProductSales values (1, 10)
insert into ProductSales values (3, 23)
insert into ProductSales values (4, 21)
insert into ProductSales values (2, 12)
insert into ProductSales values (1, 13)
insert into ProductSales values (3, 12)
insert into ProductSales values (4, 13)
insert into ProductSales values (1, 11)
insert into ProductSales values (2, 12)
insert into ProductSales values (1, 14)

select * from ProductSales

--Loome view, mis annab meile veerud TotalSales ja TotalTransaction

create view vTotalSalesByProduct
with schemabinding
as
select Name,
sum(isnull((QuantitySold * UnitPrice), 0)) as TotalSales,
count_big(*) as TotalTransactions
from dbo.ProductSales
join dbo.Product
on dbo.Product.Id = dbo.ProductSales.Id
group by name

select * from vTotalSalesByProduct

-- kui soovid luua indeksi view sisse, siis peab j‰rgima teatud reegleid
-- 1. View tuleb luua koos schemabinding-ga
-- 2. Kui lisafunktsioon select list viitab v‰ljedile ja selle tulemuseks
-- vıib olla NULL, siis asendusv‰‰rtus peaks olema t‰psustatud.
-- Andutd juhul kasutasime ISNULL funktsiooni asendamaks NULL v‰‰rtust
-- 3. Kui GroupBy on t‰psustatud, siis view select list peab
-- sisaldama COUNT_BIG(*) v‰ljendit
-- 4. Baastabelis peaksid view-d olema viidatud kaheosalise nimega
-- ehk antud juhul dbo.Product ja dbo.ProductSales.

create unique clustered index UIX_vTotalSalesByProduct_Name
on vTotalSalesByProduct(Name)

select * from vTotalSalesByProduct

-- View piirangud
create view vEmployeeDetails
@Gender nvarchar(20)
as
Select Id, FirstName, Gender, DepartmentId
from Employees
where Gender = @Gender
--Mis on selles views valesti??
--Vaatesse ehk View-sse ei saa kaasa panna parameetreid ehk antud juhul Gender

-- Teha funktsioon, kus parameetriks on Gender
-- soovin n‰ha veerge: Id, FirstName, Gender, DepartmentId
-- Tabeli nimi on Employees
-- Funktsiooni nimi on fnEmployeeDetails
create function fnEmployeeDetails(@Gender nvarchar(20))
returns table
as return 
(select Id, FirstName, Gender, DepartmentId
from Employees where Gender = @Gender)

-- Kasutame funktsiooni fnEmployeeDetils koos parameetriga
select * from fnEmployeeDetails('Male')

--Order by kasutamine
create view vEmployeeDetailsStored
as
select Id, FirstName, Gender, DepartmentId
from Employees
order by Id
--Order by-id ei saa kasutada

-- temp tabeli kasutamine
create table ##TestTempTable
(Id int, FirstName nvarchar(20), Gender nvarchar(20))

insert into ##TestTempTable values(101, 'Mart', 'Male')
insert into ##TestTempTable values(102, 'Joe', 'Female')
insert into ##TestTempTable values(103, 'Pam', 'Female')
insert into ##TestTempTable values(104, 'James', 'Male')

--View nimi on vOnTempTable
--kasutame ##TestTempTable
create view vOnTempTable
as
select Id, FirstName, Gender
from ##TestTempTable
--View-id ja funktsioone ei saa teha ajutistele tabelitele

-- Triggerid

--DML trigger
--kokku on kolme t¸¸pi: DML, DDL ja LOGON

-- Trigger on stored procedure eriliik, mis automaatselt k‰ivitub,
-- kui mingi teguvus
-- peaks andmebaasis aset leidma

-- DML - Data Manipulation Language
-- DML-i pıhuilised k‰sklused: insert, update ja delete

-- DML triggereid saab klassifitseerida kahte t¸¸pi:
-- 1. After trigger (kutsutakse ka FOR triggeriks)
-- 2. Instead of trigger (selmet trigger ehk selle asemel trigger)

-- After trigger k‰ivitub peale s¸ndmus, kui kuskil on tehtud insert,
-- update ja delete

-- Loome uue tabeli
create table EmployeeAudit
(
Id int identity(1, 1) primary key,
AuditData nvarchar(1000)
)

-- peale iga tˆˆtaja sisestamis tahame teada saada tˆˆtaja Id-d,
-- p‰eva ning aega (millal sisestati)
-- kıik andmed tulevad EmployeeAudit tabelisse
-- andmeid sisestame Employees tabelisse

create trigger trEmployeeForInsert
on Employees
for insert
as begin
declare @Id int
select @Id = Id from inserted
insert into EmployeeAudit
values ('New Employee with Id = ' + cast(@Id as nvarchar(5)) + ' is added at ' 
+ cast(getdate() as nvarchar(20)))
end

select * from Employees

insert into Employees values (11, 'Bob', 'Blob', 'Bomb', 'Male', 3000, 1, 3, 'bob@bob.com')
go
select * from EmployeeAudit

-- Delete trigger
create trigger trEmployeeForDelete
on Employees
for delete
as begin
	declare @Id int
	select @Id = Id from deleted

	insert into EmployeeAudit
	values('An existing employee with Id = ' + cast(@Id as nvarchar(5)) +
	' is deleted at ' + cast(getdate() as nvarchar(20)))
end

delete from Employees where Id = 11
select * from EmployeeAudit

-- Update trigger
create trigger trEmployeeForUpdate
on Employees
for Update
as begin
	--Muutujate deklareerimine
	declare @Id int
	declare @OldGender nvarchar(20), @NewGender nvarchar(20)
	declare @OldSalary int, @NewSalary int
	declare @OldDepartmentId int, @NewDepartmentId int
	declare @OldManagerId int, @NewManagerId int
	declare @OldFirstName nvarchar(20), @NewFirstName nvarchar(20)
	declare @OldMiddleName nvarchar(20), @NewMiddleName nvarchar(20)
	declare @OldLastName nvarchar(20), @NewLastName nvarchar(20)
	declare @OldEmail nvarchar(50), @NewEmail nvarchar(50)

	--Muutuja, kuhu l‰heb lıppetekst
	declare @AuditString nvarchar(1000)

	--Laeb kıik uuendatud andmed temp tabeli alla
	select * into #TempTable 
	from inserted

	--K‰ib l‰bi kıik andemd temp tabelist
	while(exists(select Id from #TempTable))
	begin
		set @AuditString = ''
		--Selekteerib esimese rea andmed temp tabel-st
		select top 1 @Id = Id, @NewGender = Gender,
		@NewSalary = Salary, @NewDepartmentId = DepartmentId,
		@NewManagerId = ManagerId, @NewFirstName = FirstName,
		@NewMiddleName = MiddleName, @NewLastName = LastName,
		@NewEmail = Email
		from #TempTable
		--Vıtab vanad andmed kustutatud tabelist
		select top 1 @OldGender = Gender,
		@OldSalary = Salary, @OldDepartmentId = DepartmentId,
		@OldManagerId = ManagerId, @OldFirstName = FirstName,
		@OldMiddleName = MiddleName, @OldLastName = LastName,
		@OldEmail = Email
		from deleted where Id = @Id

		--hakkab vırdlema igat muutujat, et kas toimus andmete muutus
		set @AuditString = 'Employee with Id = ' + cast(@Id as nvarchar(4)) + ' changed '
		if(@OldGender <> @NewGender)
			set @AuditString = @AuditString + ' Gender from ' + @OldGender + ' to ' + 
			@NewGender 

		if(@OldSalary <> @NewSalary)
			set @AuditString = @AuditString + ' Salary from ' + cast(@OldSalary as nvarchar(20)) + ' to ' + 
			cast(@NewSalary as nvarchar(20)) 

		if(@OldDepartmentId <> @NewDepartmentId)
			set @AuditString = @AuditString + ' DepartmentId from ' + cast(@OldDepartmentId as nvarchar(20)) + ' to ' + 
			cast(@NewDepartmentId as nvarchar(20)) 

		if(@OldManagerId <> @NewManagerId)
			set @AuditString = @AuditString + ' ManagerId from ' + cast(@OldManagerId as nvarchar(20)) + ' to ' + 
			cast(@NewManagerId as nvarchar(20)) 

		if(@OldFirstName <> @NewFirstName)
			set @AuditString = @AuditString + ' Name from ' + @OldFirstName + ' to ' + 
			@NewFirstName
		
		if(@OldMiddleName <> @NewMiddleName)
			set @AuditString = @AuditString + ' MiddleName from ' + @OldMiddleName + ' to ' + 
			@NewMiddleName
			
		if(@OldLastName <> @NewLastName)
			set @AuditString = @AuditString + ' LastName from ' + @OldLastName + ' to ' + 
			@NewLastName
			
		if(@OldEmail <> @NewEmail)
			set @AuditString = @AuditString + ' Email from ' + @OldEmail + ' to ' + 
			@NewEmail
			
		insert into dbo.EmployeeAudit values (@AuditString)
		--kustutab temp tabelist rea
		delete from #TempTable where Id = @Id
	end
end
-- triggeri lıpp

update Employees set FirstName = 'test123', Salary = 4000, MiddleName = 'test456'
where Id = 10

select * from Employees
select * from EmployeeAudit
--

-- Instead of Trigger
create table Employee
(
Id int primary key,
Name nvarchar(30),
Gender nvarchar(10),
DepartmentId int
)

insert into Employee values (1, 'John', 'Male', 3)
insert into Employee values (2, 'Mike', 'Male', 2)
insert into Employee values (3, 'Pam', 'Female', 1)
insert into Employee values (4, 'Todd', 'Male', 4)
insert into Employee values (5, 'Sara', 'Female', 1)
insert into Employee values (6, 'Ben', 'Male', 3)

select * from Employee

create view vEmployeeDetails
as
select Employee.Id, Name, Gender, DepartmentName
from Employee
join Department
on Employee.DepartmentId = Department.Id

select * from vEmployeeDetails
-- Tuleb veateade
insert into vEmployeeDetails values (7, 'Valarie', 'Female', 'IT')

-- n¸¸d proovime lahedada probleemi, kui kasutame insted of trigger-it
create trigger tr_vEmployeeDetails_InsteadOfInsert
on vEmployeeDetails
instead of insert
as begin
	declare @DeptId int

	select @DeptId = dbo.Department.Id
	from Department
	join inserted
	on inserted.DepartmentName = Department.DepartmentName

	if(@DeptId is null)
		begin
		raiserror('Invalid department name. Statement terminated', 16, 1)
		return
	end

	insert into dbo.Employee(Id, Name, Gender, DepartmentId)
	select Id, Name, Gender, @DeptId
	from inserted
end
-- raiserror funktsioon
-- Selle eesm‰rk on tuua v‰lja veateade, kui DepartmentName veerus ei ole v‰‰rtust
-- ja ei klapi uue sisestatud v‰‰rtusega.
-- Esimene parameeter ja veateate sisu, teine on veataseme nr (nr 16 t‰hendab
-- ¸ldiseid vigu) ja kolmas on olek

-- n¸¸d saab l‰bi view sisestada andmeid
insert into vEmployeeDetails values (7, 'Valarie', 'Female', 'IT')

-- Uuendame andmeid
update vEmployeeDetails
set Name = 'Johnny', DepartmentName = 'IT'
where Id = 1
-- ei saa uuendada andmeid kuna mitu tabelit on sellest mıjutatud

update vEmployeeDetails
set DepartmentName = 'IT'
where Id = 1

select * from vEmployeeDetails

-- Instead of Update trigger
create trigger tr_vEmployeeDetails_InsteadOfUpdates
on vEmployeeDetails
instead of update
as begin

	if(update(Id))
	begin
		raiserror('Id cannot be changed.', 16, 1)
		return
	end

	if(update(DepartmentName))
	begin
		declare @DeptId int
		select @DeptId = Department.Id
		from Department
		join inserted
		on inserted.DepartmentName = Department.DepartmentName

		if(@DeptId is null)
		begin
			raiserror('Invalid Department Name', 16, 1)
			return
		end

		update Employee set DepartmentId = @DeptId
		from inserted
		join Employee
		on Employee.Id = inserted.id
	end

	if(update(Gender))
	begin
		update Employee set Gender = inserted.Gender
		from inserted
		join Employee
		on Employee.Id = inserted.id
	end

	if(update(Name))
	begin
		update Employee set Name = inserted.Name
		from inserted
		join Employee
		on Employee.Id = inserted.id
	end
end

-- Uuendame andmeid, kasutada vEmployeeDetails
-- uuendada seal, kus Id on 1
update Employee set Name = 'John123', Gender = 'Male', DepartmentId = 3
where Id = 1

select * from vEmployeeDetails

-- Delete Trigger
create view vEmployeeCount
as
select DepartmentId, DepartmentName, count(*) as TotalEmployees
from Employee
join Department
on Employee.DepartmentId = Department.Id
group by DepartmentName, DepartmentId

select * from vEmployeeCount

-- Vaja teha p‰ring, kus on tˆˆtajaid 2tk vıi rohkem
-- kasutada vEmployeeCount
select * from vEmployeeCount where TotalEmployees >= 2

---
select DepartmentName, DepartmentId, count(*) as TotalEmployees
into #TempEmployeeCount
from Employee
join Department
on Employee.DepartmentId = Department.Id
group by DepartmentName, DepartmentId

select * from #TempEmployeeCount

-- L‰bi ajutise tabeli saab samu andmeid vaadata, kui seal on info olemas
select DepartmentName, TotalEmployees from #TempEmployeeCount
where TotalEmployees >= 2

-- Tuleb teha trigger nimega trEmployeeDetails_InsteadOfDelete
-- ja kasutada vEmployeeDetails
-- triggeri t¸¸p on instead of delete
create trigger trEmployeeDetails_InsteadOfDelete
on vEmployeeDetails
instead of delete
as begin
	delete Employee
	from Employee
	join deleted
	on Employee.Id = deleted.Id
end

delete from vEmployeeDetails where Id = 7

--- CTE ehk Common Table Expression

-- CTE n‰ide
with EmployeeCount(DepartmentName, DepartmentId, TotalEmployees)
as
	(
	select DepartmentName, DepartmentId, count(*) as TotalEmployees
	from Employee
	join Department
	on Employee.DepartmentId = Department.Id
	group by DepartmentName, DepartmentId
	)
select DepartmentName, TotalEmployees
from EmployeeCount
where TotalEmployees >= 2

-- CTE-d vıivad sarnaneda temp tabeliga
-- sarnane p‰ritud tabelile ja ei ole salvestatud objektina
-- ning kestab p‰ringu ulatuses

-- P‰ritud tabel
select DepartmentName, TotalEmployees
from
(
	select DepartmentName, DepartmentId, count(*) as TotalEmployees
	from Employee
	join Department
	on Employee.DepartmentId = Department.Id
	group by DepartmentName, DepartmentId
)
as EmployeeCount
where TotalEmployees >= 2

-- Tehke p‰ring, kus on kaks CTE p‰ringut sees
with EmployeeCountBy_Payroll_IT_Dept(DepartmentName, Total)
as
(
	select DepartmentName, count(Employee.Id) as TotalEmployees
	from Employee
	join Department
	on Employee.DepartmentId = Department.Id
	where DepartmentName in ('Payroll', 'IT')
	group by DepartmentName
),
EmployeeCountBy_HR_Admin_Dept(DepartmentName, Total)
as
(
	select DepartmentName, count(Employee.Id) as TotalEmployees
	from Employee
	join Department
	on Employee.DepartmentId = Department.Id
	group by DepartmentName
)
-- Kui on kaks CTE-d, siis unioni abil ¸hendab p‰ringu
select * from EmployeeCountBy_Payroll_IT_Dept
union
select * from EmployeeCountBy_HR_Admin_Dept

-- Teha CTE p‰ring nimega EmployeeCount
-- j‰rjestaks DepartmentName j‰rgi ‰ra
with EmployeeCount(DepartmentId, Total)
as
(
	select DepartmentId, count(*) as TotalEmployees
	from Employee
	group by DepartmentId
)
-- peale CTE-d peab kohe tulema k‰sklus SELECT, INSERT, UPDATE, vıi DELETE
-- kui proovid midagi muud, siis tuleb veateade
select DepartmentName 
from Department
join Employee
on Department.Id = Employee.DepartmentId
order by DepartmentName

--- Uuendamine CTE-s

--lihtne CTE
with Employees_Name_Gender
as 
(
	select Id, Name, Gender from Employee
)
select * from Employees_Name_Gender

-- Kasutame JOIN-i CTE tegemiseks
with EmployeesByDepartment
as
(
	select Employee.Id, Employee.Name, Department.DepartmentName
	from Employee
	join Department
	on Employee.DepartmentId = Department.Id
)
select * from EmployeesByDepartment

-- N¸¸d muudame andmeid
with EmployeesByDepartment
as
(
	select Employee.Id, Employee.Name, Gender, DepartmentName
	from Employee
	join Department
	on Department.Id = Employee.DepartmentId
)
Update EmployeesByDepartment set Gender = 'Male' where Id = 1

-- Kasutage eelmist CTE andmete muutmiseks,
-- aga seekord muutke Id 1 tˆˆtaja Gender female peale ja
-- DepartmentName Payroll peale
with EmployeesByDepartment
as
(
	select Employee.Id, Employee.Name, Gender,DepartmentName
	from Employee
	join Department
	on Department.Id = Employee.DepartmentId
)
Update EmployeesByDepartment set Gender = 'Female', DepartmentName = 'Payroll' 
where Id = 1
-- Ei luba mitmes tabelis korraga andmeid muuta, kui tegemist on CTE-ga

-- Kokkuvıte CTE-st
-- 1. Kui CTE baseerub ¸hel tabelil, siis uuendus tˆˆtab
-- 2. Kui CTE baseerub mitmel tabelil, siis tuleb veateade
-- 3. Kui CTE baseerub mitmel tabelil ja tahame muuta ainult ¸hte tabelit,
-- siis uuendus saab tehtud

-- Korduv CTE
-- CTE, mis iseendale viitab, kutsutakse koruvaks CTE-ks
-- kui tahad andmeid n‰idata hierarhiliselt

Create Table Employee
(
	EmployeeId int Primary key,
	Name nvarchar(20),
	ManagerId int
)

insert into Employee(EmployeeId, Name, ManagerId)
Values (1, 'Tom', 2),
(2, 'Josh', NULL),
(3, 'Mike', 2),
(4, 'John', 3),
(5, 'Pam', 1),
(6, 'Mary', 3),
(7, 'James', 1),
(8, 'Sam', 5),
(9, 'Simon', 1)

select * from Employee

-- Kasutame left join-i, et n‰ha kıiki tˆˆtajaid ja nende juhte
select Emp.Name as [Employee Name],
isnull(Manager.Name, 'Super Boss') as [Manager Name]
from dbo.Employee Emp
left join Employee Manager
on Emp.ManagerId = Manager.EmployeeId

-- Peab samasuguse tulemuse saavutama, aga kasutate CTE-d
-- seal sees kasutab joini koos union all-iga
with EmployeeCTE(Id, Name, ManagerId, [Level])
as
(
	select Employee.EmployeeId, Employee.Name, Employee.ManagerId, 1
	from Employee
	where ManagerId is null

	UNION ALL

	select Employee.EmployeeId, Employee.Name, Employee.ManagerId,
	EmployeeCTE.[Level] + 1
	from Employee
	join EmployeeCTE 
	on Employee.ManagerId = EmployeeCTE.Id
)
select EmpCTE.Name as [Employee Name],
isnull(MgrCTE.Name, 'Super Boss') as [Manager Name],
EmpCTE.Level as [Boss Level]
from EmployeeCTE EmpCTE
left join EmployeeCTE MgrCTE
on EmpCTE.ManagerId = MgrCTE.Id

-- PIVOT
-- Mis on PIVOT
-- PIVOT on SQL-i operatsioon, mis vıimaldab teisendada ridu veergudeks
create table Sales
(
	SalesAgent nvarchar(20),
	SalesCountry nvarchar(20),
	SalesAmount int
)

insert into Sales (SalesAgent, SalesCountry, SalesAmount)
Values ('Tom', 'UK', 200),
('John', 'US', 180),
('John', 'UK', 260),
('David', 'India', 450),
('Tom', 'India', 350),
('David', 'US', 200),
('Tom', 'US', 130),
('John', 'India', 540),
('John', 'UK', 120),
('David', 'UK', 220),
('John', 'UK', 420),
('David', 'US', 320),
('Tom', 'US', 340),
('Tom', 'UK', 660),
('John', 'India', 430),
('David', 'India', 230),
('David', 'India', 280),
('Tom', 'UK', 480),
('John', 'UK', 360),
('David', 'UK', 140)

select * from Sales

select SalesCountry, SalesAgent, sum(SalesAmount) as TotalSales
from Sales
group by SalesCountry, SalesAgent
order by SalesCountry, SalesAgent

-- kasuta pivotit, et saada sama tulemus nagu ¸lemises p‰ringus
Select SalesAgent, India, US, UK
from Sales
PIVOT (
	sum(SalesAmount)
	For SalesCountry IN (India, US, UK)
) AS PivotTable

-- P‰ring muudab unikaalsete veergude v‰‰rtust (India, US ja UK) SalesCountry veerus
-- omaette veergudeks koos veergude SalesAmount liitmisega

create table SalesWithId
(
	Id int primary key,
	SalesAgent nvarchar(20),
	SalesCountry nvarchar(20),
	SalesAmount int
)

insert into SalesWithId(Id, SalesAgent, SalesCountry, SalesAmount)
Values (1, 'Tom', 'UK', 200),
(2, 'John', 'US', 180),
(3, 'John', 'UK', 260),
(4, 'David', 'India', 450),
(5, 'Tom', 'India', 350),
(6, 'David', 'US', 200),
(7, 'Tom', 'US', 130),
(8, 'John', 'India', 540),
(9, 'John', 'UK', 120),
(10, 'David', 'UK', 220),
(11, 'John', 'UK', 420),
(12, 'David', 'US', 320),
(13, 'Tom', 'US', 340),
(14, 'Tom', 'UK', 660),
(15, 'John', 'India', 430),
(16, 'David', 'India', 230),
(17, 'David', 'India', 280),
(18, 'Tom', 'UK', 480),
(19, 'John', 'UK', 360),
(20, 'David', 'UK', 140)

-- Tehke uuesti pivot, aga kasutage SalesWithId tabelit
Select SalesAgent, India, US, UK
from SalesWithId
PIVOT (
	sum(SalesAmount)
	For SalesCountry IN (India, US, UK)
) AS PivotTable
-- Pıhjuseks on Id veeru olemasolu SalesWithId, mida vıetakse arvesse
-- pˆˆramise ja grupeerimise j‰rgi

select SalesAgent, India, US, UK
from
(
	select SalesAgent, SalesCountry, SalesAmount
	from SalesWithId
) as SourceTable
PIVOT (
	sum(SalesAmount)
	for SalesCountry in (India, US, UK)
) as PivotTable

-- Transactionid
-- Transaction j‰lgib j‰rgmisi samme:
-- 1. Selle algus
-- 2. K‰ivitab DB k‰ske
-- 3. Kontrollib vigu. Kui on viga, siis taastab algse oleku

Create table MailingAddress
(
	Id int not null primary key,
	EmployeeNumber int, 
	HouseNumber nvarchar(10),
	StreetAddress nvarchar(50),
	City nvarchar(50),
	PostalCode nvarchar(20)
)

insert into MailingAddress
values (1, 101, '#10', 'King Street', 'Londoon', 'CR27W')

Create table PhysicalAddress
(
	Id int not null primary key,
	EmployeeNumber int, 
	HouseNumber nvarchar(10),
	StreetAddress nvarchar(50),
	City nvarchar(50),
	PostalCode nvarchar(20)
)

insert into PhysicalAddress
values (1, 101, '#10', 'King Street', 'Londoon', 'CR27W')

create proc spUpdateAddress
as begin
	begin try
		begin transaction
			Update MailingAddress set City = 'LONDON'
			where MailingAddress.Id = 1 and EmployeeNumber = 101

			Update PhysicalAddress set City = 'LONDON'
			where PhysicalAddress.Id = 1 and EmployeeNumber = 101
		commit transaction
	end try
	begin catch
		rollback transaction
	end catch
end


--K‰ivitame spUpdateAddress stored procedure-i
spUpdateAddress

select * from MailingAddress
select * from PhysicalAddress

-- Kui teine uuendus ei l‰he l‰bi, siis esimene ei l‰he ka l‰bi
-- Kıik uuendused peavad l'bi minema

-- Transaction ACID test

-- edukas transaction peab l‰bima ACID testi:
-- A - atomic e aatomlikus
-- C - consistent e j‰rjepidavus
-- I - isolated e isoleeritus
-- D - durable e vastupidav

--- Atomic - kıik tehingud transactionis on kas edukalt t‰idetud vıi need
-- l¸katakse tagasi. Nt, mılemad k‰sud peaksid alati ınnestuma. Andmebaas
-- teeb sellisel juhul: vıtab esimese update tagasi ja veeretab selle algasendisse
-- e taastab algsed andmed.

--- Consistent - kıik transactioni puudutavad andmed j‰etakse loogiliselt
-- j‰rjepidevasse olekusse. Nt, kui laos saadaval olevaid esemete hulka
-- v‰hendatakse, siis tabelis peab olema vastav kanne. Inventuur ei saa
-- lihtsalt kaduda.

--- Isolated - transaction peab andmeid mıjutama, sekkumata teistesse
-- samaaegsetesse transactionitesse. See takistab andmete muutmist, mis
-- pıhinevad sidumata tabelitel. Nt muudatused kirjas, mis hiljem tagasi
-- muudetakse. Endamid DB-d kasutab tehingute isoleerimise s‰ilitamiseks
-- lukustamist.

--- Durable - kui muudatus on tehtud, siis see on p¸siv. Kui s¸steemiviga vıi
-- voolukatkestus ilmneb enne k‰skude komplekti valmimist, siis t¸histatakse need
-- k‰sud ja nadmed taastakse algsesse olekusse. Taastamine toimub peale
-- s¸steemi taask‰vitamist.

-- Subqueries e alamk‰sud
-- alamk‰sud on SQL-i k‰sud, mis on pesastatud teise SQL-i k‰su sisse

create table ProductSales
(
	Id int primary key identity,
	ProductId int foreign key references Product(Id),
	UnitPrice int,
	QuantitySold int
)

truncate table Product

insert into ProductSales values(3, 450, 5)
insert into ProductSales values(2, 250, 7)
insert into ProductSales values(3, 450, 4)
insert into ProductSales values(3, 450, 9)

select * from Product
select * from ProductSales

--Kirjutame p‰ringu, mis annab infot m¸¸mata toodetest
select Id, Name, Description
from Product
where Id not in (select ProductId from ProductSales)
--Sulgude sees on subquery, mis tagastab kıik ProductId-d ProductSales tabelist

-- enamus juhutdel saab subquery-t asendada JOIN-iga
-- teha p‰ring JOIN-iga, et saada m¸¸mata toodete infot (left join)
select Product.Id, Product.Name, Product.Description
from Product
LEFT JOIN ProductSales
on Product.Id = ProductSales.ProductId
where ProductSales.ProductId is null

--Teeme subquery, kus kasutatakse selecti
select Name,
(select sum(QuantitySold) from ProductSales where ProductId = Product.Id) as
[Total Quantity]
from Product
order by Name

-- Sama tulemus, aga Join-iga
select Name, sum(QuantitySold) as [Total Quantity]
from Product
LEFT JOIN ProductSales
on Product.Id = ProductSales.ProductId
Group by Name
Order by Name

-- subquery-t saab subquery sisse panna
-- subquery on alati sulgudes ja neid nimetatakse sisemisteks p‰ringuteks

-- rohkete andemtega testimise tabel
truncate table Product
truncate table ProductSales

create table Product
(
Id int identity primary key,
Name nvarchar(50),
Description nvarchar(250)
)

create table ProductSales
(
Id int Primary key identity,
ProductId int foreign key references Product(Id),
UnitPrice int,
QuantitySold int
)

-- sisestame n‰idisandmed Product tabelisse
declare @Id int
set @Id = 1
while(@Id <= 3000000)
begin
	insert into Product
	values('Product - ' + cast(@Id as nvarchar(20)),
	'Description for product ' + cast(@Id as nvarchar(20)))

	print @Id
	set @Id = @Id + 1
end

declare @RandomProductId int
declare @RandomUnitPrice int
declare @RandomQuantitySold int

-- ProductId
declare @LowerLimitForProductId int
declare @UpperLimitForProductId int

set @LowerLimitForProductId = 1
set @UpperLimitForProductId = 100000

--Unit price
declare @LowerLimitForUnitPrice int
declare @UpperLimitForUnitPrice int

set @LowerLimitForUnitPrice = 1
set @UpperLimitForUnitPrice = 100

-- Quantity sold
declare @LowerLimitForQuantitySold int
declare @UpperLimitForQuantitySold int

set @LowerLimitForQuantitySold = 1
set @UpperLimitForQuantitySold = 100

declare @Counter int
set @Counter = 1

while(@Counter <= 4500000)
begin
	set @RandomProductId = round(((@UpperLimitForProductId -
	@LowerLimitForProductId) * rand() + @LowerLimitForProductId), 0)

	set @RandomUnitPrice = round(((@UpperLimitForUnitPrice -
	@LowerLimitForUnitPrice) * rand() + @LowerLimitForUnitPrice), 0)

	set @RandomQuantitySold = round(((@UpperLimitForQuantitySold -
	@LowerLimitForQuantitySold) * rand() + @LowerLimitForQuantitySold), 0)

	insert into ProductSales
	values (@RandomProductId, @RandomUnitPrice, @RandomQuantitySold)

	print @Counter
	set @Counter = @Counter + 1
end

select * from Product
select * from ProductSales


--vırdleme Subquerit ja JOIN-i
select Id, Name, Description
from Product
where Id in
(
select Product.Id from ProductSales
)
-- 3 miljonit rida 16 sekundiga

-- Teeme cache puhtaks, et uut p‰ringut ei oleks kuskile vahem‰llu salvestatud
checkpoint;
go
dbcc DROPCLEANBUFFERS; --puhastab p‰ringu cache-i
go
dbcc FREEPROCCACHE; --puhastb t‰itva planeeritud cache-i
go

--- Teeme sama tabeli peale inner join p‰ringu
--- Product ja ProductSales
Select Product.Id, Name, Description
from Product
inner join ProductSales
on Product.Id = ProductSales.ProductId
-- 738 tuhat rida 4 sekundiga
-- Teeme cache puhtaks


select Id, Name, Description
from Product
where not exists
(
select * from ProductSales where ProductId = Product.Id
)
--- 2,9 miljonit rida 15 sekundiga
-- vahem‰lu puhtaks teha

--Kasutage left JOIN-i ProductId is null
Select Product.Id, Name, Description
from Product
left join ProductSales
on Product.Id = ProductSales.ProductId
where ProductId is null
--12 sekundit 2,9 miljonit rida

--- CURSOR-d

--- Relatsiooniliste DB-de halduss¸steemid saavad v‰ga h‰sti hakkama
--- SEST-ga. SETS lubab mitut p‰ringut kombineerida ¸heks tulemuseks.
--- Sinna alla k‰ivad UNION, INTERSECT, ja EXCEPT

update ProductSales set UnitPrice = 50
where ProductSales.ProductId = 101

--- Kui on vaja rea kaupa andmeid tˆˆdelda, siis kıige parem oleks kasutada
--- Cursoreid. Samas on need jıudlusele halvad ja vıimalusel v‰ltida.
--- Soovitav oleks kasutada JOIN-i

-- Cursorid jagunevad omakorda neljaks:
-- 1. Forward-Only e edasi-ainult
-- 2. Static e staatilised
-- 3. Keyset e vıtmetele seadistatud
-- 4.  Dynamic e d¸naamiline

-- Cursori n‰ide:
if the ProductName = 'Product - 55', set UnitPrice to 55

--- N¸¸d algab ıige Cursor
--------------------------
declare @ProductId int
-- Deklareerime Cursori
declare ProductIdCursor cursor for
select ProductId from ProductSales
-- Open avaldusega t‰idab select avaldust
-- ja sisestab tulemuse
open ProductIdCursor

fetch next from ProductIdCursor into @ProductId
--- Kui tulemuses on veel ridu, siis @@FETCH_STATUS on 0
while(@@FETCH_STATUS = 0)
begin
	declare @ProductName nvarchar(50)
	select @ProductName = Name from Product where Id = @ProductId

	if(@ProductName = 'Product - 55')
	begin
		update ProductSales set UnitPrice = 55 where ProductId = @ProductId
	end

	else if(@ProductName = 'Product - 65')
	begin
		update ProductSales set UnitPrice = 65 where ProductID = @ProductId
	end

	else if(@ProductName = 'Product - 1000')
	begin
		update ProductSales set UnitPrice = 1000 where ProductID = @ProductId
	end

	fetch next from ProductIdCursor into @ProductId
end

select * from Product








